input,mean,scale
sea_surface_pressure:0_m:hPa,1015.5384249167213,8.356933858749493
mixing_ratio:0_m:g_kg-1,9.156527731989842,3.624818694268545
wave_height:0_m:m,1.0837158469945354,0.5679949390345914
wave_period:0_m:s,6.1624726775956296,2.631912822694976
wave_phase_speed:0_m:m_s-1,9.611722285419303,4.1050429680847165
dSpeed_dz:18.4_m:s-1,0.40042900008781657,0.18137478628654113
dPotTemp_dz:18.4_m:K_m-1,-0.053269226469333616,0.20826194620049024
dMixingRatio_dz:18.4_m:g_kg-1_m-1,-0.10324569488447857,0.1229311657093371
momentum_flux:18.4_m:m2_s-2,0.07876070127504556,0.104736533554795
